{"schemaVersion":"1.0","appDefinitionTemplate":{"id":"/providers/Microsoft.PowerApps/apps/","type":"Microsoft.PowerApps/apps","tags":{"minimumRequiredApiVersion":"2.2.0"},"properties":{"appVersion":"2018-11-15T18:50:52Z","lifeCycleId":"Published","createdByClientVersion":{"major":3,"minor":18105,"build":16,"revision":0,"majorRevision":0,"minorRevision":0},"minClientVersion":{"major":3,"minor":18105,"build":16,"revision":0,"majorRevision":0,"minorRevision":0},"backgroundColor":"rgba(76, 74, 72, 1)","backgroundImageUri":"/16349483258341505566/Nfa5c3fc8-208a-4747-9289-2fe5351f15d9-Nc2477bca-33ec-44bd-bddf-aa5a2240ecb7-logoSmallFile","displayName":"Gestion de viajes","description":"Aplicación para las solicitudes de viajes en la compañía.","appUris":{"documentUri":{"value":"/16349483258341505566/Nadb14f90-8ce2-4dad-bf74-2907cd1fe7f4-N859c6098-d5bf-42f1-b3d6-2219146e718b-document.msapp","readonlyValue":"/16349483258341505566/Nadb14f90-8ce2-4dad-bf74-2907cd1fe7f4-N859c6098-d5bf-42f1-b3d6-2219146e718b-document.msapp"},"imageUris":[]},"createdTime":"0001-01-01T00:00:00Z","lastModifiedTime":"0001-01-01T00:00:00Z","sharedGroupsCount":0,"sharedUsersCount":0,"icons":{"smallIconUri":"/16349483258341505566/N38224e1c-bce2-4901-ab2b-12dbe24cbe87-N35ec6e1e-82c3-49c5-9a83-24bf120523b6-small.png","mediumIconUri":"/16349483258341505566/Nf6798048-aab4-4091-8316-9024f435190c-Nadc9bee5-68f4-4e98-81c4-33fdceb1445f-medium.png","largeIconUri":"/16349483258341505566/Nc968b26c-510c-4774-a3cb-37ca28c71af3-N8eba56b5-e0c3-4325-93ad-4a1c747c320b-large.png","wideIconUri":"/16349483258341505566/N7233c85f-a332-4328-9fd0-9286a056bb49-N34063e8c-fdc6-40f0-b10a-ba803a4583fe-wide.png"},"connectionReferences":{"b923779a-3a93-4b46-a17c-217fe94549a8":{"id":"c6b577ad-85e3-4ff0-926c-3212968f0066","displayName":"Common Data Service","iconUri":"https://connectoricons-prod.azureedge.net/commondataservice/icon_1.0.1002.1175.png","dataSources":["Viaje"],"dependencies":[],"dependents":[],"parameterHints":{},"isOnPremiseConnection":false,"bypassConsent":false,"dataSets":{"default.cds":{"dataSources":{"Viaje":{"tableName":"crd20_viajes"}}}},"apiTier":"Premium"}},"almMode":"Environment"}}}