{"name":"186039ae-e0fc-4967-bd42-a75da61ef007","id":"/providers/Microsoft.Flow/flows/186039ae-e0fc-4967-bd42-a75da61ef007","type":"Microsoft.Flow/flows","properties":{"apiId":"/providers/Microsoft.PowerApps/apis/shared_logicflows","displayName":"Device approval request","definition":{"metadata":{"workflowEntityId":null,"creator":{"id":"a2e05dab-1972-4181-8844-cee6c7f2f33b","type":"User","tenantId":"80508b97-0642-454a-a160-f05c7eb1b45e"},"provisioningMethod":"FromDefinition","failureAlertSubscription":true,"clientLastModifiedTime":"2018-10-26T19:39:35.1775227Z"},"$schema":"https://schema.management.azure.com/providers/Microsoft.Logic/schemas/2016-06-01/workflowdefinition.json#","contentVersion":"1.0.0.0","parameters":{"$connections":{"defaultValue":{},"type":"Object"},"$authentication":{"defaultValue":{},"type":"SecureObject"}},"triggers":{"When_a_record_is_created_(Preview)":{"metadata":{"flowSystemMetadata":{"swaggerOperationId":"SubscribeOnNewItems"}},"type":"ApiConnectionWebhook","inputs":{"host":{"api":{"runtimeUrl":"https://unitedstates-002.azure-apim.net/apim/commondataservice"},"connection":{"name":"@parameters('$connections')['shared_commondataservice']['connectionId']"}},"body":{"NotificationUrl":"@{listCallbackUrl()}"},"path":"/datasets/@{encodeURIComponent(encodeURIComponent('default.cds'))}/tables/@{encodeURIComponent(encodeURIComponent('cr6bd_deviceorders'))}/onnewitemswebhook","queries":{"scope":"Organization"},"authentication":"@parameters('$authentication')"}}},"actions":{"Start_an_approval":{"runAfter":{},"metadata":{"flowSystemMetadata":{"swaggerOperationId":"approvalSubscribeV2"}},"type":"ApiConnectionWebhook","inputs":{"host":{"api":{"runtimeUrl":"https://unitedstates-002.azure-apim.net/apim/approvals"},"connection":{"name":"@parameters('$connections')['shared_approvals']['connectionId']"}},"body":{"notificationUrl":"@{listCallbackUrl()}","title":"New device request for @{triggerBody()['cr6bd_devicename']}","assignedTo":"@{triggerBody()?['cr6bd_approver']};","requestor":"@{triggerBody()?['cr6bd_requestedby']};","details":"A new device has been requested </br>\n@{triggerBody()['cr6bd_devicename']}, $@{triggerBody()['cr6bd_price']} \nDepartment Contribution $@{triggerBody()?['cr6bd_departmentcontribution']} \nComments: @{triggerBody()?['cr6bd_comments']}","enableNotifications":true},"path":"/types/@{encodeURIComponent('Basic')}/$subscriptions","authentication":"@parameters('$authentication')"}},"Condition":{"actions":{"Update_a_record":{"runAfter":{},"metadata":{"flowSystemMetadata":{"swaggerOperationId":"PatchItem_V2"}},"type":"ApiConnection","inputs":{"host":{"api":{"runtimeUrl":"https://unitedstates-002.azure-apim.net/apim/commondataservice"},"connection":{"name":"@parameters('$connections')['shared_commondataservice']['connectionId']"}},"method":"patch","body":{"cr6bd_approvalstatus":696680000,"cr6bd_approveddate":"@{utcNow()}","cr6bd_comments":" Approver's comments: @{body('Start_an_approval')?['comments']}"},"path":"/v2/datasets/@{encodeURIComponent(encodeURIComponent('default.cds'))}/tables/@{encodeURIComponent(encodeURIComponent('cr6bd_deviceorders'))}/items/@{encodeURIComponent(encodeURIComponent(triggerBody()?['cr6bd_deviceorderid']))}","authentication":"@parameters('$authentication')"}},"Send_an_email":{"runAfter":{"Update_a_record":["Succeeded"]},"metadata":{"flowSystemMetadata":{"swaggerOperationId":"SendEmail"}},"type":"ApiConnection","inputs":{"host":{"api":{"runtimeUrl":"https://unitedstates-002.azure-apim.net/apim/office365"},"connection":{"name":"@parameters('$connections')['shared_office365']['connectionId']"}},"method":"post","body":{"To":"@{triggerBody()?['cr6bd_requestedby']};","Subject":"Your device order has been approved! ","Body":"Your device order for <b>@{triggerBody()['cr6bd_devicename']}</b> has been approved by @{body('Start_an_approval')?['responder']?['displayName']} <br />\nApprover's comments: @{body('Start_an_approval')?['comments']} <br />\nEstimated Ship Date: @{body('Update_a_record')?['cr6bd_estimatedshipdate']}","IsHtml":true},"path":"/Mail","authentication":"@parameters('$authentication')"}}},"runAfter":{"Start_an_approval":["Succeeded"]},"else":{"actions":{"Update_a_record_2":{"runAfter":{},"metadata":{"flowSystemMetadata":{"swaggerOperationId":"PatchItem_V2"}},"type":"ApiConnection","inputs":{"host":{"api":{"runtimeUrl":"https://unitedstates-002.azure-apim.net/apim/commondataservice"},"connection":{"name":"@parameters('$connections')['shared_commondataservice']['connectionId']"}},"method":"patch","body":{"cr6bd_approvalstatus":696680001},"path":"/v2/datasets/@{encodeURIComponent(encodeURIComponent('default.cds'))}/tables/@{encodeURIComponent(encodeURIComponent('cr6bd_deviceorders'))}/items/@{encodeURIComponent(encodeURIComponent(triggerBody()?['cr6bd_deviceorderid']))}","authentication":"@parameters('$authentication')"}},"Send_an_email_2":{"runAfter":{"Update_a_record_2":["Succeeded"]},"metadata":{"flowSystemMetadata":{"swaggerOperationId":"SendEmail"}},"type":"ApiConnection","inputs":{"host":{"api":{"runtimeUrl":"https://unitedstates-002.azure-apim.net/apim/office365"},"connection":{"name":"@parameters('$connections')['shared_office365']['connectionId']"}},"method":"post","body":{"To":"@{triggerBody()?['cr6bd_requestedby']};","Subject":"Your device was not approved","Body":"Sorry, your request for @{triggerBody()['cr6bd_devicename']} was NOT APPROVED by @{body('Start_an_approval')?['responder']?['displayName']} (email: @{body('Start_an_approval')?['responder']?['email']}), \nReason: @{body('Start_an_approval')?['comments']}"},"path":"/Mail","authentication":"@parameters('$authentication')"}}}},"expression":"@equals(body('Start_an_approval')?['response'], 'Approve')","type":"If"}},"outputs":{},"description":"Create one or more actions to happen when a button or link in PowerApps is selected. To use this flow from a PowerApp, select the control you want to trigger the flow and go to the Action tab in the PowerApps ribbon and select Flows."},"connectionReferences":{"shared_commondataservice":{"connectionName":"608c9b1e234f46ceb1c4a4c91deb4471","source":"Embedded","id":"/providers/Microsoft.PowerApps/apis/shared_commondataservice","tier":"NotSpecified"},"shared_approvals":{"connectionName":"shared-approvals-3e77adeb-3c73-4c9d-9eec-b124e51d6054","source":"Embedded","id":"/providers/Microsoft.PowerApps/apis/shared_approvals","tier":"NotSpecified"},"shared_office365":{"connectionName":"shared-office365-68038601-d867-44f4-9508-6d3089fd7f4f","source":"Embedded","id":"/providers/Microsoft.PowerApps/apis/shared_office365","tier":"NotSpecified"}},"flowFailureAlertSubscribed":false}}