{"schemaVersion":"1.0","appDefinitionTemplate":{"id":"/providers/Microsoft.PowerApps/apps/","type":"Microsoft.PowerApps/apps","tags":{"minimumRequiredApiVersion":"2.2.0"},"properties":{"appVersion":"2018-10-24T19:26:01Z","lifeCycleId":"Published","createdByClientVersion":{"major":3,"minor":18102,"build":20,"revision":0,"majorRevision":0,"minorRevision":0},"minClientVersion":{"major":3,"minor":18102,"build":20,"revision":0,"majorRevision":0,"minorRevision":0},"backgroundColor":"rgba(0, 176, 240, 1)","backgroundImageUri":"/11374312055049104434/N2d1c6012-e036-4344-8ac9-bc17dc958a7c-logoSmallFile","displayName":"Device Ordering App","description":"","appUris":{"documentUri":{"value":"/11374312055049104434/N1d7c6a17-db5a-4d53-a984-57e433b54ffc-document.msapp","readonlyValue":"/11374312055049104434/N1d7c6a17-db5a-4d53-a984-57e433b54ffc-document.msapp"},"imageUris":[]},"createdTime":"0001-01-01T00:00:00Z","lastModifiedTime":"0001-01-01T00:00:00Z","sharedGroupsCount":0,"sharedUsersCount":0,"icons":{"smallIconUri":"/11374312055049104434/N4dbec355-9235-4b61-b95a-4f2bd45ffc01-small.png","mediumIconUri":"/11374312055049104434/Ne926b0d8-5440-4952-9a0c-48c96894972c-medium.png","largeIconUri":"/11374312055049104434/Nbb29e569-b151-45f3-8ddb-f898478041bf-large.png","wideIconUri":"/11374312055049104434/N21ec2965-df07-4ef1-b8e5-7b7e7f625998-wide.png"},"connectionReferences":{},"almMode":"Environment"}}}