{"schemaVersion":"1.0","appDefinitionTemplate":{"id":"/providers/Microsoft.PowerApps/apps/","type":"Microsoft.PowerApps/apps","tags":{"minimumRequiredApiVersion":"2.2.0"},"properties":{"appVersion":"2018-10-25T19:30:55Z","lifeCycleId":"Published","createdByClientVersion":{"major":3,"minor":18103,"build":23,"revision":0,"majorRevision":0,"minorRevision":0},"minClientVersion":{"major":3,"minor":18103,"build":23,"revision":0,"majorRevision":0,"minorRevision":0},"backgroundColor":"rgba(0, 176, 240, 1)","backgroundImageUri":"/11374312055049104434/N3abd0c28-56a7-428d-93d4-39c5a069d8f5-logoSmallFile","displayName":"Device Ordering App","description":"","appUris":{"documentUri":{"value":"/11374312055049104434/Nb9650e64-ec25-4e09-a463-e17420ecc13e-document.msapp","readonlyValue":"/11374312055049104434/Nb9650e64-ec25-4e09-a463-e17420ecc13e-document.msapp"},"imageUris":[]},"createdTime":"0001-01-01T00:00:00Z","lastModifiedTime":"0001-01-01T00:00:00Z","sharedGroupsCount":0,"sharedUsersCount":0,"icons":{"smallIconUri":"/11374312055049104434/N276c09e9-1c31-43a7-ab15-4252f68dcba6-small.png","mediumIconUri":"/11374312055049104434/Nb19e7537-5c58-4091-a520-6559e712790f-medium.png","largeIconUri":"/11374312055049104434/Nb10718ce-44eb-471d-8c19-5f0ae30e61c6-large.png","wideIconUri":"/11374312055049104434/N8ba39d7c-9e09-4066-abcd-92347472aa1f-wide.png"},"connectionReferences":{"5bf2dde9-dd18-40cd-80f7-cc8b80db8397":{"id":"fcc913e3-1efa-4aef-846d-ee5a40dad7c2","displayName":"Common Data Service","iconUri":"https://connectoricons-prod.azureedge.net/commondataservice/icon_1.0.1002.1175.png","dataSources":["Device Orders"],"dependencies":[],"dependents":[],"parameterHints":{},"isOnPremiseConnection":false,"bypassConsent":false,"dataSets":{"default.cds":{"dataSources":{"Device Orders":{"tableName":"cr6bd_deviceorders"}}}},"apiTier":"Premium"},"0b898e32-326e-40eb-8743-a0c06d425941":{"id":"6dc5b691-86c5-4987-98e8-7ca18108f74e","displayName":"Office 365 Users","iconUri":"https://connectoricons-prod.azureedge.net/office365users/icon_1.0.1002.1175.png","dataSources":["Office365Users"],"dependencies":[],"dependents":[],"parameterHints":{},"isOnPremiseConnection":false,"bypassConsent":false,"dataSets":{},"apiTier":"Standard"}},"almMode":"Environment"}}}