{"schemaVersion":"1.0","appDefinitionTemplate":{"id":"/providers/Microsoft.PowerApps/apps/","type":"Microsoft.PowerApps/apps","tags":{"minimumRequiredApiVersion":"2.2.0"},"properties":{"appVersion":"2018-10-25T19:30:55Z","lifeCycleId":"Published","createdByClientVersion":{"major":3,"minor":18103,"build":23,"revision":0,"majorRevision":0,"minorRevision":0},"minClientVersion":{"major":3,"minor":18103,"build":23,"revision":0,"majorRevision":0,"minorRevision":0},"backgroundColor":"rgba(0, 176, 240, 1)","backgroundImageUri":"/11374312055049104434/Na0f4bef2-9497-4335-b73e-d930cd1fa085-logoSmallFile","displayName":"Device Ordering App","description":"","appUris":{"documentUri":{"value":"/11374312055049104434/N70bb07b8-6861-47ae-8ab6-d7346bd84547-document.msapp","readonlyValue":"/11374312055049104434/N70bb07b8-6861-47ae-8ab6-d7346bd84547-document.msapp"},"imageUris":[]},"createdTime":"0001-01-01T00:00:00Z","lastModifiedTime":"0001-01-01T00:00:00Z","sharedGroupsCount":0,"sharedUsersCount":0,"icons":{"smallIconUri":"/11374312055049104434/N1d78faa8-6a93-4a35-99bd-ebb6d6135135-small.png","mediumIconUri":"/11374312055049104434/Nd75406a2-87b5-4952-8407-cf76bf54e091-medium.png","largeIconUri":"/11374312055049104434/N00965a11-96c9-45fd-9527-a19b8a5f3bcc-large.png","wideIconUri":"/11374312055049104434/N9b588747-6394-4534-acd8-77bf92847b44-wide.png"},"connectionReferences":{"5bf2dde9-dd18-40cd-80f7-cc8b80db8397":{"id":"fcc913e3-1efa-4aef-846d-ee5a40dad7c2","displayName":"Common Data Service","iconUri":"https://connectoricons-prod.azureedge.net/commondataservice/icon_1.0.1002.1175.png","dataSources":["Device Orders"],"dependencies":[],"dependents":[],"parameterHints":{},"isOnPremiseConnection":false,"bypassConsent":false,"dataSets":{"default.cds":{"dataSources":{"Device Orders":{"tableName":"cr6bd_deviceorders"}}}},"apiTier":"Premium"},"0b898e32-326e-40eb-8743-a0c06d425941":{"id":"6dc5b691-86c5-4987-98e8-7ca18108f74e","displayName":"Office 365 Users","iconUri":"https://connectoricons-prod.azureedge.net/office365users/icon_1.0.1002.1175.png","dataSources":["Office365Users"],"dependencies":[],"dependents":[],"parameterHints":{},"isOnPremiseConnection":false,"bypassConsent":false,"dataSets":{},"apiTier":"Standard"}},"almMode":"Environment"}}}